date,beta,close,volume,open
2025-05-19,1.73,4.04,21900000.0,3.97
2025-05-16,1.73,4.1,25770000.0,4.08
2025-05-15,1.73,3.99,29330000.0,4.06
2025-05-14,1.73,4.13,25990000.0,4.16
2025-05-13,1.73,4.12,28020000.0,4.1
2025-05-12,1.73,4.2,44330000.0,4.23
2025-05-09,1.73,3.97,24090000.0,3.97
2025-05-08,1.73,3.96,27950000.0,3.91
2025-05-07,1.73,3.84,28670000.0,3.85
2025-05-06,1.73,3.92,33409999.999999996,3.91
2025-05-05,1.73,3.98,24160000.0,4.01
2025-05-02,1.73,4.03,28200000.0,4.08
2025-05-01,1.73,3.93,41510000.0,4.1
2025-04-30,1.73,4.05,31600000.0,4.02
2025-04-29,1.73,4.24,45970000.0,4.35
2025-04-28,1.73,4.31,60350000.0,4.09
2025-04-25,1.73,4.03,39700000.0,4.11
2025-04-24,1.73,4.18,55100000.0,3.94
2025-04-23,1.73,3.93,46950000.0,3.83
2025-04-22,1.73,3.75,38580000.0,3.63
2025-04-21,1.73,3.6,28420000.0,3.54
2025-04-17,1.73,3.52,23170000.0,3.51
2025-04-16,1.73,3.52,33470000.0,3.45
2025-04-15,1.73,3.62,28870000.0,3.56
2025-04-14,1.73,3.61,44130000.0,3.6
2025-04-11,1.73,3.52,56520000.0,3.33
2025-04-10,1.73,3.28,73430000.0,3.38
2025-04-09,1.73,3.31,78720000.0,3.09
2025-04-08,1.73,3.14,78200000.0,3.39
2025-04-07,1.73,3.36,73970000.0,3.195
2025-04-04,1.73,3.46,77690000.0,3.5
2025-04-03,1.73,3.74,36670000.0,3.64
2025-04-02,1.73,3.8,46020000.0,3.81
2025-04-01,1.73,3.87,43180000.0,3.87
2025-03-31,1.73,3.81,64819999.99999999,3.67
2025-03-28,1.73,3.75,78970000.0,3.895
2025-03-27,1.73,3.98,156710000.0,3.9
2025-03-26,1.73,4.22,62930000.0,4.37
2025-03-25,1.73,4.39,38080000.0,4.33
2025-03-24,1.73,4.38,59180000.0,4.4
2025-03-21,1.73,4.5,82880000.0,4.48
2025-03-20,1.73,4.71,79240000.0,4.98
2025-03-19,1.73,5.17,38700000.0,5.2
2025-03-18,1.73,5.19,79320000.0,5.275
2025-03-17,1.73,5.03,38060000.0,4.9
2025-03-14,1.73,4.9,53620000.0,4.86
2025-03-13,1.73,4.73,64250000.0,5.0
2025-03-12,1.73,5.1,87320000.0,5.055
2025-03-11,1.73,5.22,162170000.0,4.745
2025-03-10,1.73,4.46,66739999.99999999,4.39
2025-03-07,1.73,4.47,45990000.0,4.27
2025-03-06,1.73,4.24,44430000.0,4.33
2025-03-05,1.73,4.35,48200000.0,4.32
2025-03-04,1.73,4.22,41670000.0,4.18
2025-03-03,1.73,4.23,80300000.0,4.49
2025-02-28,1.73,4.63,60900000.0,4.55
2025-02-27,1.73,4.79,134810000.0,4.67
2025-02-26,1.73,4.72,121740000.0,4.375
2025-02-25,1.73,4.27,49950000.0,4.46
2025-02-24,1.73,4.36,37450000.0,4.44
2025-02-21,1.73,4.44,101150000.0,4.47
2025-02-20,1.73,4.37,39240000.0,4.45
2025-02-19,1.73,4.39,74650000.0,4.4
2025-02-18,1.73,4.36,43220000.0,4.49
2025-02-14,1.73,4.44,54300000.0,4.35
2025-02-13,1.73,4.26,51760000.0,4.165
2025-02-12,1.73,4.21,73190000.0,4.08
2025-02-11,1.73,4.04,69230000.0,4.21
2025-02-10,1.73,4.33,28710000.0,4.32
2025-02-07,1.73,4.24,37200000.0,4.28
2025-02-06,1.73,4.2,32000000.0,4.24
2025-02-05,1.73,4.2,35840000.0,4.26
2025-02-04,1.73,4.39,44230000.0,4.37
2025-02-03,1.73,4.28,63160000.0,4.17
2025-01-31,1.73,4.32,37500000.0,4.43
2025-01-30,1.73,4.44,49080000.0,4.27
2025-01-29,1.73,4.22,24440000.0,4.32
2025-01-28,1.73,4.32,37120000.0,4.27
2025-01-27,1.73,4.27,51190000.0,4.32
2025-01-24,1.73,4.29,40540000.0,4.19
2025-01-23,1.73,4.13,33090000.000000004,4.22
2025-01-22,1.73,4.28,39860000.0,4.17
2025-01-21,1.73,4.18,38460000.0,4.35
2025-01-17,1.73,4.36,50450000.0,4.21
2025-01-16,1.73,4.16,28870000.0,4.1
2025-01-15,1.73,4.1,32659999.999999996,4.11
2025-01-14,1.73,4.08,32479999.999999996,4.14
2025-01-13,1.73,4.06,36110000.0,4.12
2025-01-10,1.73,4.17,41830000.0,4.25
2025-01-08,1.73,4.32,49570000.0,4.4
2025-01-07,1.73,4.51,61960000.0,4.63
2025-01-06,1.73,4.71,53340000.0,4.765
2025-01-03,1.73,4.63,35600000.0,4.52
2025-01-02,1.73,4.55,63010000.0,4.42
2024-12-31,1.73,4.36,39900000.0,4.43
2024-12-30,1.73,4.38,36560000.0,4.43
2024-12-27,1.73,4.48,41200000.0,4.64
2024-12-26,1.73,4.69,33920000.0,4.63
2024-12-24,1.73,4.62,24240000.0,4.51
2024-12-23,1.73,4.48,32759999.999999996,4.5
2024-12-20,1.73,4.54,36770000.0,4.48
2024-12-19,1.73,4.4,27940000.0,4.4
2024-12-18,1.73,4.32,45530000.0,4.55
2024-12-17,1.73,4.54,39290000.0,4.4
2024-12-16,1.73,4.42,36540000.0,4.47
2024-12-13,1.73,4.51,31900000.0,4.53
2024-12-12,1.73,4.59,47030000.0,4.6
2024-12-11,1.73,4.67,55100000.0,4.78
2024-12-10,1.73,4.77,64769999.99999999,4.95
2024-12-09,1.73,5.18,123190000.0,4.94
2024-12-06,1.73,4.61,44030000.0,4.7
2024-12-05,1.73,4.61,86600000.0,4.65
2024-12-04,1.73,4.6,47930000.0,4.67
2024-12-03,1.73,4.64,79060000.0,4.41
2024-12-02,1.73,4.4,40710000.0,4.49
2024-11-29,1.73,4.48,29220000.0,4.38
2024-11-27,1.73,4.38,45470000.0,4.44
2024-11-26,1.73,4.31,71250000.0,4.6
2024-11-25,1.73,4.67,54230000.0,4.79
2024-11-22,1.73,4.84,66540000.00000001,4.6
2024-11-21,1.73,4.7,54960000.0,4.58
2024-11-20,1.73,4.65,92290000.0,4.41
2024-11-19,1.73,4.63,81560000.0,4.745
2024-11-18,1.73,4.67,47960000.0,4.605
2024-11-15,1.73,4.49,46290000.0,4.44
2024-11-14,1.73,4.43,39880000.0,4.57
2024-11-13,1.73,4.61,45110000.0,4.66
2024-11-12,1.73,4.58,86700000.0,4.88
2024-11-11,1.73,5.06,51270000.0,5.18
2024-11-08,1.73,5.09,57890000.0,5.16
2024-11-07,1.73,5.31,56500000.0,5.23
2024-11-06,1.73,5.0,81290000.0,5.0
2024-11-05,1.73,5.28,32009999.999999996,5.28
2024-11-04,1.73,5.14,36750000.0,5.13
2024-11-01,1.73,5.1,43950000.0,5.14
2024-10-31,1.73,5.1,50280000.0,5.3
2024-10-30,1.73,5.35,57420000.0,5.44
2024-10-29,1.73,5.6,64410000.0,5.9
2024-10-28,1.73,5.81,109990000.0,5.38
2024-10-25,1.73,5.26,67920000.0,5.06
2024-10-24,1.73,4.98,49330000.0,5.15
2024-10-23,1.73,5.19,36170000.0,5.22
2024-10-22,1.73,5.23,38290000.0,5.16
2024-10-21,1.73,5.14,35260000.0,5.09
2024-10-18,1.73,5.22,66970000.0,5.46
2024-10-17,1.73,5.15,74650000.0,5.36
2024-10-16,1.73,5.51,46930000.0,5.66
2024-10-15,1.73,5.62,67590000.0,5.61
2024-10-14,1.73,5.79,80930000.0,6.06
2024-10-11,1.73,6.24,42900000.0,6.06
2024-10-10,1.73,6.22,47900000.0,6.23
2024-10-09,1.73,6.29,70070000.0,6.08
2024-10-08,1.73,6.24,82360000.0,6.26
2024-10-07,1.73,6.79,78410000.0,6.81
2024-10-04,1.73,6.77,92200000.0,6.72
2024-10-03,1.73,6.7,99140000.0,6.86
2024-10-02,1.73,7.21,135600000.0,7.24
2024-10-01,1.73,7.03,146970000.0,6.9
2024-09-30,1.73,6.68,214410000.0,7.7
2024-09-27,1.73,6.52,180980000.0,6.01
2024-09-26,1.73,5.78,139470000.0,6.0
2024-09-25,1.73,5.65,72690000.0,5.7
2024-09-24,1.73,5.94,116350000.0,5.76
2024-09-23,1.73,5.32,66290000.00000001,5.2
2024-09-20,1.73,5.28,53490000.0,5.34
2024-09-19,1.73,5.4,93010000.0,5.25
2024-09-18,1.73,5.02,65050000.0,5.45
2024-09-17,1.73,5.41,41730000.0,5.45
2024-09-16,1.73,5.4,37580000.0,5.54
2024-09-13,1.73,5.55,64290000.00000001,5.22
2024-09-12,1.73,5.28,71030000.0,5.54
2024-09-11,1.73,5.6,51390000.0,5.51
2024-09-10,1.73,5.48,58600000.0,5.43
2024-09-09,1.73,5.57,125460000.0,4.88
2024-09-06,1.73,5.02,105250000.0,4.94
2024-09-05,1.73,4.85,110270000.0,4.41
2024-09-04,1.73,4.24,49160000.0,4.23
2024-09-03,1.73,4.15,52930000.0,3.98
2024-08-30,1.73,4.04,65989999.99999999,4.19
2024-08-29,1.73,3.94,45250000.0,3.83
2024-08-28,1.73,3.7,62880000.0,3.96
2024-08-27,1.73,4.0,24650000.0,4.075
2024-08-26,1.73,4.03,25780000.0,4.06
2024-08-23,1.73,4.08,25910000.0,4.03
2024-08-22,1.73,3.99,25830000.0,4.01
2024-08-21,1.73,3.99,25740000.0,3.93
2024-08-20,1.73,3.85,43920000.0,4.12
2024-08-19,1.73,4.07,23460000.0,4.03
2024-08-16,1.73,3.95,28730000.0,3.84
2024-08-15,1.73,3.83,28520000.0,3.79
2024-08-14,1.73,3.72,37690000.0,3.915
2024-08-13,1.73,3.89,29580000.0,3.77
2024-08-12,1.73,3.76,20650000.0,3.8
2024-08-09,1.73,3.78,25870000.0,3.8
2024-08-08,1.73,3.82,35670000.0,3.73
2024-08-07,1.73,3.67,33490000.000000004,3.81
2024-08-06,1.73,3.77,37780000.0,3.9
2024-08-05,1.73,3.89,53240000.0,3.74
2024-08-02,1.73,4.05,39940000.0,3.95
2024-08-01,1.73,4.06,88260000.0,4.45
2024-07-31,1.73,4.44,33549999.999999996,4.5
2024-07-30,1.73,4.42,41980000.0,4.34
2024-07-29,1.73,4.39,33920000.0,4.44
2024-07-26,1.73,4.43,32100000.0,4.31
2024-07-25,1.73,4.27,40110000.0,4.39
2024-07-24,1.73,4.3,43270000.0,4.39
2024-07-23,1.73,4.48,37500000.0,4.58
2024-07-22,1.73,4.69,34130000.0,4.63
2024-07-19,1.73,4.46,22400000.0,4.51
2024-07-18,1.73,4.54,36330000.0,4.63
2024-07-17,1.73,4.59,54980000.0,4.83
2024-07-16,1.73,4.9,50000000.0,4.62
2024-07-15,1.73,4.63,58500000.0,4.81
2024-07-12,1.73,4.87,51800000.0,4.71
2024-07-11,1.73,4.68,56420000.0,4.79
2024-07-10,1.73,4.62,43460000.0,4.51
2024-07-09,1.73,4.5,27020000.0,4.47
2024-07-08,1.73,4.46,39270000.0,4.54
2024-07-05,1.73,4.62,61600000.0,4.725
2024-07-03,1.73,4.87,72460000.0,4.59
2024-07-02,1.73,4.53,35410000.0,4.45
2024-07-01,1.73,4.44,55630000.0,4.35
2024-06-28,1.73,4.16,47670000.0,4.35
2024-06-27,1.73,4.39,37310000.0,4.57
2024-06-26,1.73,4.64,53250000.0,4.38
2024-06-25,1.73,4.37,23320000.0,4.4
2024-06-24,1.73,4.44,28750000.0,4.3
2024-06-21,1.73,4.3,22040000.0,4.31
2024-06-20,1.73,4.33,28740000.0,4.37
2024-06-18,1.73,4.43,28880000.0,4.355
2024-06-17,1.73,4.43,31750000.0,4.32
2024-06-14,1.73,4.33,23560000.0,4.36
2024-06-13,1.73,4.41,27310000.0,4.47
2024-06-12,1.73,4.45,62310000.0,4.47
2024-06-11,1.73,4.46,66200000.0,4.79
2024-06-10,1.73,4.72,38320000.0,4.82
2024-06-07,1.73,4.83,34660000.0,4.82
2024-06-06,1.73,4.91,84450000.0,4.95
2024-06-05,1.73,5.27,49660000.0,5.33
2024-06-04,1.73,5.21,29400000.0,5.31
2024-06-03,1.73,5.34,53570000.0,5.54
2024-05-31,1.73,5.39,63180000.0,5.27
2024-05-30,1.73,5.4,69440000.0,4.95
2024-05-29,1.73,4.93,37710000.0,4.82
2024-05-28,1.73,4.9,46520000.0,4.97
2024-05-24,1.73,4.83,32330000.0,4.81
2024-05-23,1.73,4.8,79110000.0,5.12
2024-05-22,1.73,5.24,36740000.0,5.26
2024-05-21,1.73,5.25,75040000.0,5.19
2024-05-20,1.73,5.22,47710000.0,5.25
2024-05-17,1.73,5.28,58710000.0,5.28
2024-05-16,1.73,5.26,41790000.0,5.37
2024-05-15,1.73,5.33,112030000.0,6.0
2024-05-14,1.73,5.79,80660000.0,5.51
2024-05-13,1.73,5.41,76620000.0,5.2
2024-05-10,1.73,5.07,49020000.0,5.28
2024-05-09,1.73,5.33,34680000.0,5.37
2024-05-08,1.73,5.22,54910000.0,5.25
2024-05-07,1.73,5.51,43750000.0,5.54
2024-05-06,1.73,5.69,75630000.0,5.75
2024-05-03,1.73,5.57,54700000.0,5.525
2024-05-02,1.73,5.59,99530000.0,5.61
2024-05-01,1.73,5.27,148040000.0,4.76
2024-04-30,1.73,4.72,52940000.0,4.7
2024-04-29,1.73,4.6,56380000.0,4.67
2024-04-26,1.73,4.49,59260000.0,4.43
2024-04-25,1.73,4.13,25890000.0,4.05
2024-04-24,1.73,4.15,34560000.0,4.15
2024-04-23,1.73,4.01,41990000.0,3.99
2024-04-22,1.73,4.0,60180000.0,3.68
2024-04-19,1.73,3.8,35880000.0,3.86
2024-04-18,1.73,4.0,38390000.0,3.9
2024-04-17,1.73,3.91,38770000.0,3.865
2024-04-16,1.73,3.81,42220000.0,3.75
2024-04-15,1.73,3.89,70660000.0,4.19
2024-04-12,1.73,4.11,74930000.0,4.35
2024-04-11,1.73,4.46,39040000.0,4.6
2024-04-10,1.73,4.59,32570000.0,4.58
2024-04-09,1.73,4.71,76670000.0,4.43
2024-04-08,1.73,4.37,47450000.0,4.41
2024-04-05,1.73,4.39,43080000.0,4.5
2024-04-04,1.73,4.5,53860000.0,4.55
2024-04-03,1.73,4.49,33080000.0,4.46
2024-04-02,1.73,4.54,38930000.0,4.47
2024-04-01,1.73,4.64,42630000.0,4.63
2024-03-28,1.73,4.5,55940000.0,4.68
2024-03-27,1.73,4.67,85350000.0,4.63
2024-03-26,1.73,4.78,83740000.0,4.9
2024-03-25,1.73,4.91,56420000.0,4.92
2024-03-22,1.73,4.89,43660000.0,4.93
2024-03-21,1.73,5.0,46800000.0,5.06
2024-03-20,1.73,5.1,59390000.0,5.11
2024-03-19,1.73,5.19,77040000.0,5.485
2024-03-18,1.73,5.54,48580000.0,5.83
2024-03-15,1.73,5.58,33810000.0,5.71
2024-03-14,1.73,5.58,42680000.0,5.82
2024-03-13,1.73,5.92,42660000.0,6.08
2024-03-12,1.73,6.19,38390000.0,6.19
2024-03-11,1.73,6.1,64030000.0,5.92
2024-03-08,1.73,5.8,39080000.0,5.78
2024-03-07,1.73,5.77,46370000.0,5.665
2024-03-06,1.73,5.77,77700000.0,5.39
2024-03-05,1.73,5.48,94780000.0,5.17
2024-03-04,1.73,5.33,94280000.0,5.58
2024-03-01,1.73,5.78,39580000.0,5.73
2024-02-29,1.73,5.75,63190000.0,5.56
2024-02-28,1.73,5.43,58390000.0,5.6
2024-02-27,1.73,5.78,53720000.0,5.81
2024-02-26,1.73,5.65,60300000.0,5.54
2024-02-23,1.73,5.4,75140000.0,5.67
2024-02-22,1.73,5.85,49540000.0,5.97
2024-02-21,1.73,5.97,33910000.0,6.02
2024-02-20,1.73,5.96,39770000.0,5.93
2024-02-16,1.73,6.14,41550000.0,6.24
2024-02-15,1.73,6.09,54080000.0,6.05
2024-02-14,1.73,6.0,41180000.0,5.88
2024-02-13,1.73,5.7,52050000.0,5.86
2024-02-12,1.73,6.08,43670000.0,5.91
2024-02-09,1.73,5.93,25560000.0,5.84
2024-02-08,1.73,5.82,32060000.000000004,5.82
2024-02-07,1.73,5.86,42820000.0,5.81
2024-02-06,1.73,6.03,88350000.0,5.68
2024-02-05,1.73,5.38,45420000.0,5.48
2024-02-02,1.73,5.54,56920000.0,5.56
2024-02-01,1.73,5.71,51430000.0,5.73
2024-01-31,1.73,5.62,75800000.0,5.69
2024-01-30,1.73,5.79,66440000.0,6.01
2024-01-29,1.73,6.14,40120000.0,6.08
2024-01-26,1.73,6.14,39440000.0,6.0
2024-01-25,1.73,6.04,59220000.0,5.91
2024-01-24,1.73,6.07,76000000.0,6.5
2024-01-23,1.73,6.21,119010000.0,6.4
2024-01-22,1.73,5.98,74310000.0,5.83
2024-01-19,1.73,6.06,82430000.0,6.16
2024-01-18,1.73,6.28,71540000.0,6.5
2024-01-17,1.73,6.3,63010000.0,6.21
2024-01-16,1.73,6.55,121080000.0,7.04
2024-01-12,1.73,7.17,49030000.0,7.26
2024-01-11,1.73,7.4,52390000.0,7.57
2024-01-10,1.73,7.41,54570000.0,7.53
2024-01-09,1.73,7.56,70100000.0,7.8
2024-01-08,1.73,7.93,49930000.0,7.86
2024-01-05,1.73,8.06,40830000.0,8.16
2024-01-04,1.73,8.27,38410000.0,8.33
2024-01-03,1.73,8.5,58660000.0,8.12
2024-01-02,1.73,8.42,81640000.0,8.93
2023-12-29,1.73,9.07,74910000.0,9.43
2023-12-28,1.73,9.43,91990000.0,9.16
2023-12-27,1.73,9.1,100000000.0,9.26
2023-12-26,1.73,9.33,130930000.0,8.77
2023-12-22,1.73,8.42,56080000.0,8.1
2023-12-21,1.73,8.29,48970000.0,8.15
2023-12-20,1.73,7.92,105320000.0,8.63
2023-12-19,1.73,8.82,88660000.0,8.515
2023-12-18,1.73,8.35,131949999.99999999,8.59
2023-12-15,1.73,7.98,71380000.0,8.02
2023-12-14,1.73,7.86,94110000.0,7.47
2023-12-13,1.73,7.43,57470000.0,7.17
2023-12-12,1.73,7.27,59010000.0,7.59
2023-12-11,1.73,7.68,39420000.0,7.49
2023-12-08,1.73,7.38,42790000.0,7.365
2023-12-07,1.73,7.49,63210000.0,7.85
2023-12-06,1.73,7.75,118990000.0,7.65
2023-12-05,1.73,7.43,89840000.0,7.59
2023-12-04,1.73,7.32,53720000.0,7.14
2023-12-01,1.73,7.15,46780000.0,7.14
2023-11-30,1.73,7.27,45950000.0,7.25
2023-11-29,1.73,7.18,47710000.0,7.29
2023-11-28,1.73,7.21,47840000.0,7.2
2023-11-27,1.73,7.19,33860000.0,7.31
2023-11-24,1.73,7.4,22880000.0,7.4
2023-11-22,1.73,7.47,22090000.0,7.58
2023-11-21,1.73,7.51,35700000.0,7.62
2023-11-20,1.73,7.8,62070000.0,7.68
2023-11-17,1.73,7.39,26850000.0,7.4
2023-11-16,1.73,7.4,68800000.0,7.58
2023-11-15,1.73,7.94,55970000.0,7.64
2023-11-14,1.73,7.58,43380000.0,7.36
2023-11-13,1.73,7.22,34210000.0,7.27
2023-11-10,1.73,7.24,39950000.0,7.61
2023-11-09,1.73,7.47,36130000.0,7.82
2023-11-08,1.73,7.92,37960000.0,7.81
2023-11-07,1.73,7.89,25230000.0,7.88
2023-11-06,1.73,7.97,43860000.0,8.45
2023-11-03,1.73,8.23,56110000.0,8.01
2023-11-02,1.73,7.79,43630000.0,7.72
2023-11-01,1.73,7.45,33340000.000000004,7.31
2023-10-31,1.73,7.3,29680000.0,7.34
2023-10-30,1.73,7.52,25730000.0,7.56
2023-10-27,1.73,7.44,33770000.0,7.78
2023-10-26,1.73,7.63,27280000.0,7.62
2023-10-25,1.73,7.6,28410000.0,7.82
2023-10-24,1.73,8.09,42840000.0,7.56
2023-10-23,1.73,7.59,33549999.999999996,7.49
2023-10-20,1.73,7.58,31790000.0,7.52
2023-10-19,1.73,7.69,39610000.0,7.76
2023-10-18,1.73,7.91,51400000.0,8.53
2023-10-17,1.73,8.53,18390000.0,8.33
2023-10-16,1.73,8.52,24550000.0,8.37
2023-10-13,1.73,8.47,28410000.0,8.4
2023-10-12,1.73,8.44,37140000.0,8.88
2023-10-11,1.73,8.97,34030000.0,8.95
2023-10-10,1.73,8.83,42390000.0,8.35
2023-10-09,1.73,8.34,39700000.0,8.51
2023-10-06,1.73,8.72,23340000.0,8.49
2023-10-05,1.73,8.66,21930000.0,8.67
2023-10-04,1.73,8.83,28060000.0,8.51
2023-10-03,1.73,8.61,27190000.0,8.55
2023-10-02,1.73,8.79,38390000.0,8.9
2023-09-29,1.73,9.04,40990000.0,9.11
2023-09-28,1.73,8.91,55090000.0,8.37
2023-09-27,1.73,8.46,24090000.0,8.38
2023-09-26,1.73,8.41,42480000.0,8.15
2023-09-25,1.73,8.35,56330000.0,8.07
2023-09-22,1.73,8.53,36250000.0,8.74
2023-09-21,1.73,8.45,49440000.0,8.45
2023-09-20,1.73,8.82,122780000.0,8.76
2023-09-19,1.73,8.55,215940000.0,9.54
2023-09-18,1.73,10.31,22620000.0,10.37
2023-09-15,1.73,10.43,40110000.0,10.53
2023-09-14,1.73,10.38,26480000.0,10.15
2023-09-13,1.73,10.07,36890000.0,10.2
2023-09-12,1.73,10.57,38300000.0,10.23
2023-09-11,1.73,10.33,31150000.0,10.39
2023-09-08,1.73,10.04,26240000.0,10.06
2023-09-07,1.73,10.08,44600000.0,10.17
2023-09-06,1.73,10.58,31430000.0,10.71
2023-09-05,1.73,10.81,37910000.0,10.73
2023-09-01,1.73,11.0,77060000.0,10.53
2023-08-31,1.73,10.27,51090000.0,10.73
2023-08-30,1.73,10.67,46270000.0,10.43
2023-08-29,1.73,10.89,124330000.0,10.3
2023-08-28,1.73,11.02,41940000.0,11.05
2023-08-25,1.73,10.83,31670000.0,10.58
2023-08-24,1.73,10.64,27130000.0,10.96
2023-08-23,1.73,10.84,30410000.0,10.56
2023-08-22,1.73,10.79,43690000.0,11.29
2023-08-21,1.73,10.95,54080000.0,10.73
2023-08-18,1.73,10.67,68530000.0,10.95
2023-08-17,1.73,11.5,73320000.0,11.91
2023-08-16,1.73,11.4,59480000.0,11.18
2023-08-15,1.73,11.83,71430000.0,12.26
2023-08-14,1.73,12.52,67400000.0,12.4
2023-08-11,1.73,12.9,54700000.0,12.77
2023-08-10,1.73,13.25,55640000.0,13.61
2023-08-09,1.73,13.46,57710000.0,13.945
2023-08-08,1.73,14.07,63080000.0,13.95
2023-08-07,1.73,14.82,53770000.0,15.02
2023-08-04,1.73,14.72,85230000.0,15.86
2023-08-03,1.73,15.46,86720000.0,14.68
2023-08-02,1.73,14.57,79550000.0,13.8
2023-08-01,1.73,14.63,90100000.0,14.86
2023-07-31,1.73,15.3,117340000.0,15.12
2023-07-28,1.73,14.74,115320000.0,13.8
2023-07-27,1.73,13.24,103660000.0,13.86
2023-07-26,1.73,13.17,137040000.0,12.4
2023-07-25,1.73,11.91,102990000.0,12.34
2023-07-24,1.73,11.73,108760000.0,10.905
2023-07-21,1.73,10.58,33090000.000000004,10.5
2023-07-20,1.73,10.32,34680000.0,10.47
2023-07-19,1.73,10.64,51790000.0,10.58
2023-07-18,1.73,10.42,35150000.0,10.73
2023-07-17,1.73,10.56,28850000.0,10.3
2023-07-14,1.73,10.54,40230000.0,10.67
2023-07-13,1.73,10.76,60020000.0,11.24
2023-07-12,1.73,11.16,61270000.0,11.02
2023-07-11,1.73,10.81,69550000.0,10.96
2023-07-10,1.73,10.78,84530000.0,9.97
2023-07-07,1.73,9.99,51010000.0,9.75
2023-07-06,1.73,9.56,53280000.0,9.97
2023-07-05,1.73,10.22,62900000.0,10.01
2023-07-03,1.73,10.03,68990000.0,10.15
2023-06-30,1.73,9.69,63470000.0,9.63
2023-06-29,1.73,9.39,38590000.0,9.4
2023-06-28,1.73,9.52,44830000.0,9.4
2023-06-27,1.73,9.34,73610000.0,8.72
2023-06-26,1.73,8.4,33680000.0,8.53
2023-06-23,1.73,8.43,41940000.0,8.62
2023-06-22,1.73,8.92,28910000.0,9.03
2023-06-21,1.73,9.07,66269999.99999999,9.54
2023-06-20,1.73,9.35,52870000.0,9.17
2023-06-16,1.73,9.4,81400000.0,10.15
2023-06-15,1.73,9.79,97120000.0,9.1
2023-06-14,1.73,9.05,60870000.0,9.07
2023-06-13,1.73,8.89,81690000.0,8.73
2023-06-12,1.73,8.4,100940000.0,8.09
2023-06-09,1.73,7.73,140270000.0,7.84
2023-06-08,1.73,7.79,64410000.0,7.8
2023-06-07,1.73,7.76,47290000.0,7.8
2023-06-06,1.73,7.88,79000000.0,7.66
2023-06-05,1.73,7.67,43190000.0,7.66
2023-06-02,1.73,7.56,62510000.0,7.84
2023-06-01,1.73,7.54,74200000.0,7.24
2023-05-31,1.73,7.53,89230000.0,7.44
2023-05-30,1.73,7.41,63370000.0,7.8
2023-05-26,1.73,7.7,43110000.0,7.74
2023-05-25,1.73,7.54,48700000.0,7.855
2023-05-24,1.73,7.92,84700000.0,8.14
2023-05-23,1.73,8.75,38540000.0,8.64
2023-05-22,1.73,8.79,73550000.0,8.25
2023-05-19,1.73,8.07,41570000.0,7.9
2023-05-18,1.73,7.82,46480000.0,7.94
2023-05-17,1.73,8.03,33409999.999999996,7.82
2023-05-16,1.73,7.91,33820000.0,8.1
2023-05-15,1.73,8.25,35600000.0,8.06
2023-05-12,1.73,7.95,42110000.0,8.265
2023-05-11,1.73,8.45,48360000.0,8.145
2023-05-10,1.73,8.13,47370000.0,8.2
2023-05-09,1.73,8.16,24850000.0,7.93
2023-05-08,1.73,8.27,31000000.0,8.27
2023-05-05,1.73,8.15,34720000.0,8.14
2023-05-04,1.73,8.06,50560000.0,7.75
2023-05-03,1.73,7.64,39780000.0,7.43
2023-05-02,1.73,7.45,53990000.0,7.65
2023-05-01,1.73,7.81,39620000.0,7.83
2023-04-28,1.73,7.87,39090000.0,7.88
2023-04-27,1.73,7.97,36940000.0,7.7
2023-04-26,1.73,7.68,56070000.0,8.09
2023-04-25,1.73,7.9,88510000.0,8.16
2023-04-24,1.73,8.29,29840000.0,8.38
2023-04-21,1.73,8.33,34190000.0,8.3
2023-04-20,1.73,8.28,59580000.0,8.54
2023-04-19,1.73,8.79,60660000.0,9.16
2023-04-18,1.73,9.47,26810000.0,9.78
2023-04-17,1.73,9.83,48550000.0,9.54
2023-04-14,1.73,9.27,30950000.0,9.07
2023-04-13,1.73,9.1,25070000.0,9.21
2023-04-12,1.73,9.01,48110000.0,9.56
2023-04-11,1.73,9.52,44750000.0,9.19
2023-04-10,1.73,9.05,26230000.0,8.86
2023-04-06,1.73,9.01,23020000.0,8.94
2023-04-05,1.73,8.96,33810000.0,9.19
2023-04-04,1.73,9.21,53380000.0,9.615
2023-04-03,1.73,9.8,56530000.0,10.41
2023-03-31,1.73,10.51,35910000.0,10.31
2023-03-30,1.73,10.46,66080000.0,10.0
2023-03-29,1.73,9.83,56380000.0,9.3
2023-03-28,1.73,9.2,31340000.0,9.15
2023-03-27,1.73,8.93,20450000.0,9.03
2023-03-24,1.73,9.07,28720000.0,9.22
2023-03-23,1.73,9.27,30130000.0,9.35
2023-03-22,1.73,9.09,36810000.0,9.5
2023-03-21,1.73,9.27,52340000.0,8.96
2023-03-20,1.73,8.75,56190000.0,8.1
2023-03-17,1.73,8.26,38370000.0,8.54
2023-03-16,1.73,8.5,27760000.0,8.13
2023-03-15,1.73,8.25,40280000.0,8.21
2023-03-14,1.73,8.42,36780000.0,8.51
2023-03-13,1.73,8.55,43880000.0,8.35
2023-03-10,1.73,8.51,46630000.0,8.78
2023-03-09,1.73,8.79,48890000.0,9.01
2023-03-08,1.73,9.18,39710000.0,8.865
2023-03-07,1.73,8.97,45080000.0,9.19
2023-03-06,1.73,9.31,35310000.0,9.5
2023-03-03,1.73,9.57,60780000.0,8.97
2023-03-02,1.73,9.09,73360000.0,8.5
2023-03-01,1.73,8.83,82170000.0,9.335
2023-02-28,1.73,9.39,53310000.0,9.2
2023-02-27,1.73,9.33,42360000.0,9.53
2023-02-24,1.73,9.3,56810000.0,9.51
2023-02-23,1.73,9.79,50260000.0,10.39
2023-02-22,1.73,10.18,34100000.0,10.01
2023-02-21,1.73,10.03,35050000.0,10.05
2023-02-17,1.73,10.19,37470000.0,10.1
2023-02-16,1.73,10.19,38650000.0,10.46
2023-02-15,1.73,10.5,35930000.0,10.09
2023-02-14,1.73,10.31,38030000.0,10.19
2023-02-13,1.73,10.31,30820000.0,10.47
2023-02-10,1.73,10.31,38380000.0,10.25
2023-02-09,1.73,10.47,40470000.0,10.97
2023-02-08,1.73,10.65,28370000.0,10.75
2023-02-07,1.73,10.92,35350000.0,11.0
2023-02-06,1.73,10.93,45480000.0,10.95
2023-02-03,1.73,11.19,55800000.0,11.65
2023-02-02,1.73,11.96,68870000.0,12.12
2023-02-01,1.73,12.1,65910000.0,12.24
2023-01-31,1.73,12.07,45860000.0,11.91
2023-01-30,1.73,12.02,54970000.0,12.43
2023-01-27,1.73,12.71,69730000.0,12.145
2023-01-26,1.73,12.17,51640000.0,12.43
2023-01-25,1.73,11.63,26350000.0,11.46
2023-01-24,1.73,11.68,37480000.0,13.21
2023-01-23,1.73,12.06,64030000.0,11.28
2023-01-20,1.73,11.07,39010000.0,10.95
2023-01-19,1.73,10.77,33640000.0,10.88
2023-01-18,1.73,11.01,43310000.0,11.485
2023-01-17,1.73,11.41,48900000.0,11.32
2023-01-13,1.73,11.8,41630000.0,11.44
2023-01-12,1.73,11.81,40130000.0,11.49
2023-01-11,1.73,11.51,42550000.0,11.35
2023-01-10,1.73,11.24,44320000.0,11.1
2023-01-09,1.73,10.76,42870000.0,10.63
2023-01-06,1.73,10.37,70950000.0,10.06
2023-01-05,1.73,10.86,37260000.0,10.39
2023-01-04,1.73,10.63,63720000.0,9.97
2023-01-03,1.73,9.63,54100000.0,10.21
2022-12-30,1.73,9.75,40860000.0,9.83
2022-12-29,1.73,9.99,49380000.0,9.92
2022-12-28,1.73,9.8,42230000.0,10.01
2022-12-27,1.73,10.06,54170000.0,10.53
2022-12-23,1.73,10.97,33670000.0,11.22
2022-12-22,1.73,11.29,32470000.0,11.45
2022-12-21,1.73,11.61,34240000.0,11.07
2022-12-20,1.73,11.09,44770000.0,10.67
2022-12-19,1.73,11.06,40560000.0,11.655
2022-12-16,1.73,11.6,46480000.0,12.13
2022-12-15,1.73,11.88,41620000.0,12.33
2022-12-14,1.73,12.1,33250000.0,12.45
2022-12-13,1.73,12.31,52080000.0,13.11
2022-12-12,1.73,12.49,35210000.0,12.3
2022-12-09,1.73,12.63,44100000.0,13.17
2022-12-08,1.73,13.41,52380000.0,13.0
2022-12-07,1.73,12.58,52840000.0,12.42
2022-12-06,1.73,13.24,62750000.0,13.0
2022-12-05,1.73,12.8,94820000.0,13.99
2022-12-02,1.73,13.13,106290000.0,12.06
2022-12-01,1.73,12.09,59580000.0,12.35
2022-11-30,1.73,12.78,173180000.0,11.34
2022-11-29,1.73,10.5,48290000.0,10.65
2022-11-28,1.73,10.12,39200000.0,10.05
2022-11-25,1.73,10.17,23490000.0,10.26
2022-11-23,1.73,10.56,49400000.0,10.31
2022-11-22,1.73,10.01,36100000.0,9.87
2022-11-21,1.73,10.02,53070000.0,10.22
2022-11-18,1.73,10.47,49320000.0,10.65
2022-11-17,1.73,10.67,62560000.0,10.25
2022-11-16,1.73,10.53,49620000.0,11.17
2022-11-15,1.73,11.51,63240000.0,11.905
2022-11-14,1.73,11.17,62010000.0,11.86
2022-11-11,1.73,11.56,100640000.0,10.79
2022-11-10,1.73,10.34,84030000.0,10.3
2022-11-09,1.73,9.25,81210000.0,10.0
2022-11-08,1.73,10.56,61730000.0,10.68
2022-11-07,1.73,10.98,84140000.0,12.23
2022-11-04,1.73,11.68,125410000.0,11.0
2022-11-03,1.73,9.94,64660000.0,9.19
2022-11-02,1.73,9.49,76030000.0,9.6
2022-11-01,1.73,9.71,56230000.0,10.33
2022-10-31,1.73,9.67,46880000.0,9.51
2022-10-28,1.73,9.69,74420000.0,9.5
2022-10-27,1.73,9.98,64010000.00000001,10.53
2022-10-26,1.73,10.81,79280000.0,10.44
2022-10-25,1.73,10.63,98190000.0,9.81
2022-10-24,1.73,9.45,166520000.0,10.01
2022-10-21,1.73,11.21,42500000.0,10.67
2022-10-20,1.73,10.97,47110000.0,11.03
2022-10-19,1.73,10.92,99010000.0,11.8
2022-10-18,1.73,12.21,58190000.0,13.08
2022-10-17,1.73,12.21,51100000.0,12.19
2022-10-14,1.73,11.75,60040000.0,12.99
2022-10-13,1.73,12.78,53450000.0,12.35
2022-10-12,1.73,12.88,50000000.0,12.93
2022-10-11,1.73,12.83,51760000.0,13.13
2022-10-10,1.73,13.28,48730000.0,13.66
2022-10-07,1.73,13.76,53270000.0,14.29
2022-10-06,1.73,14.77,67740000.0,16.0
2022-10-05,1.73,16.04,39740000.0,16.5
2022-10-04,1.73,16.73,45090000.0,16.17
2022-10-03,1.73,15.49,38420000.0,15.85
2022-09-30,1.73,15.77,39340000.0,15.21
2022-09-29,1.73,15.58,51670000.0,16.83
2022-09-28,1.73,17.33,37300000.0,16.8
2022-09-27,1.73,17.19,40680000.0,18.18
2022-09-26,1.73,17.62,42020000.0,17.77
2022-09-23,1.73,17.64,39480000.0,18.0
2022-09-22,1.73,18.35,36820000.0,18.51
2022-09-21,1.73,18.3,64550000.0,20.12
2022-09-20,1.73,20.41,29290000.0,20.7
2022-09-19,1.73,20.9,36240000.0,19.75
2022-09-16,1.73,20.15,65780000.0,21.1
2022-09-15,1.73,21.51,43790000.0,21.51
2022-09-14,1.73,21.94,47210000.0,21.47
2022-09-13,1.73,21.97,77970000.0,20.95
2022-09-12,1.73,21.75,86990000.0,20.1
2022-09-09,1.73,19.16,55030000.0,18.4
2022-09-08,1.73,17.68,30490000.0,17.37
2022-09-07,1.73,17.48,58650000.0,16.54
2022-09-06,1.73,17.11,32490000.000000004,17.6
2022-09-02,1.73,17.73,44130000.0,18.43
2022-09-01,1.73,18.79,47670000.0,19.28
2022-08-31,1.73,19.91,39380000.0,20.11
2022-08-30,1.73,19.83,29820000.0,19.85
2022-08-29,1.73,19.81,33250000.0,19.66
2022-08-26,1.73,19.92,61530000.0,20.77
2022-08-25,1.73,20.08,42460000.0,19.43
2022-08-24,1.73,18.87,29270000.0,18.01
2022-08-23,1.73,18.29,34210000.0,18.69
2022-08-22,1.73,18.95,27330000.0,18.88
2022-08-19,1.73,19.05,24260000.0,19.62
2022-08-18,1.73,19.91,21640000.0,20.02
2022-08-17,1.73,20.08,26460000.0,20.68
2022-08-16,1.73,20.91,32100000.0,21.15
2022-08-15,1.73,21.3,36350000.0,20.51
2022-08-12,1.73,21.11,34950000.0,20.26
2022-08-11,1.73,20.82,56330000.0,20.4
2022-08-10,1.73,20.05,35350000.0,19.58
2022-08-09,1.73,19.17,38120000.0,20.23
2022-08-08,1.73,20.17,29580000.0,20.25
2022-08-05,1.73,20.22,34060000.0,20.53
2022-08-04,1.73,20.9,37740000.0,20.39
2022-08-03,1.73,20.3,44050000.0,20.31
2022-08-02,1.73,20.18,51260000.0,19.68
2022-08-01,1.73,20.18,54380000.0,20.19
2022-07-29,1.73,19.73,36940000.0,18.81
2022-07-28,1.73,19.49,31080000.0,19.18
2022-07-27,1.73,19.38,32850000.0,19.14
2022-07-26,1.73,19.04,27670000.0,19.35
2022-07-25,1.73,19.33,30360000.0,18.98
2022-07-22,1.73,19.24,55610000.0,20.72
2022-07-21,1.73,20.68,39840000.0,20.16
2022-07-20,1.73,20.37,40380000.0,20.01
2022-07-19,1.73,20.2,63210000.0,21.1
2022-07-18,1.73,20.84,40380000.0,20.96
2022-07-15,1.73,20.72,41340000.0,20.84
2022-07-14,1.73,21.05,39870000.0,21.06
2022-07-13,1.73,21.09,50090000.0,20.23
2022-07-12,1.73,20.87,49780000.0,20.41
2022-07-11,1.73,20.57,54820000.0,21.6
2022-07-08,1.73,22.6,48920000.0,22.16
2022-07-07,1.73,22.5,72100000.0,21.4
2022-07-06,1.73,20.83,58980000.0,21.81
2022-07-05,1.73,22.18,50660000.0,21.04
2022-07-01,1.73,21.36,56860000.0,22.32
2022-06-30,1.73,21.72,53070000.0,21.86
2022-06-29,1.73,21.86,71580000.0,20.76
2022-06-28,1.73,22.36,76350000.0,22.36
2022-06-27,1.73,22.95,61700000.0,24.13
2022-06-24,1.73,24.08,67060000.0,23.22
2022-06-23,1.73,23.05,77500000.0,23.11
2022-06-22,1.73,22.55,81590000.0,22.34
2022-06-21,1.73,22.66,90290000.0,21.84
2022-06-17,1.73,20.77,82070000.0,19.77
2022-06-16,1.73,19.18,77240000.0,19.18
2022-06-15,1.73,20.11,121430000.0,18.96
2022-06-14,1.73,18.66,105580000.0,16.53
2022-06-13,1.73,15.99,60530000.0,17.32
2022-06-10,1.73,18.14,61360000.0,18.86
2022-06-09,1.73,18.82,73900000.0,18.715
2022-06-08,1.73,20.38,65310000.0,20.32
2022-06-07,1.73,19.65,49360000.0,18.98
2022-06-06,1.73,19.18,68730000.0,18.99
2022-06-03,1.73,18.08,57620000.0,18.42
2022-06-02,1.73,18.85,77830000.0,17.54
2022-06-01,1.73,17.57,92490000.0,17.59
2022-05-31,1.73,17.39,96580000.0,17.77
2022-05-27,1.73,16.57,51420000.0,16.16
2022-05-26,1.73,16.03,64239999.99999999,14.52
2022-05-25,1.73,14.64,44910000.0,14.79
2022-05-24,1.73,14.63,48410000.0,15.53
2022-05-23,1.73,16.0,65599999.99999999,15.8
2022-05-20,1.73,16.44,86110000.0,17.5
2022-05-19,1.73,16.66,61190000.0,16.11
2022-05-18,1.73,15.83,72870000.0,16.29
2022-05-17,1.73,16.63,93230000.0,15.31
2022-05-16,1.73,14.55,82270000.0,14.81
2022-05-13,1.73,14.31,63560000.0,13.7
2022-05-12,1.73,13.1,83180000.0,12.48
2022-05-11,1.73,12.71,86080000.0,13.79
2022-05-10,1.73,13.44,77180000.0,14.26
2022-05-09,1.73,13.55,63120000.0,14.33
2022-05-06,1.73,14.92,57660000.0,15.61
2022-05-05,1.73,15.38,95760000.0,17.41
2022-05-04,1.73,18.13,53870000.0,17.18
2022-05-03,1.73,17.53,44060000.0,17.29
2022-05-02,1.73,17.5,56160000.0,16.53
2022-04-29,1.73,16.7,62930000.0,17.78
2022-04-28,1.73,16.93,53120000.0,16.9
2022-04-27,1.73,16.76,56630000.0,16.52
2022-04-26,1.73,16.36,52770000.0,17.235
2022-04-25,1.73,17.31,54990000.0,16.81
2022-04-22,1.73,17.18,60730000.0,17.35
2022-04-21,1.73,17.15,61500000.0,18.34
2022-04-20,1.73,18.15,53340000.0,19.38
2022-04-19,1.73,19.87,43400000.0,19.05
2022-04-18,1.73,19.17,40650000.0,19.51
2022-04-14,1.73,19.65,43940000.0,20.09
2022-04-13,1.73,20.42,57160000.0,19.55
2022-04-12,1.73,19.46,51210000.0,20.03
2022-04-11,1.73,19.7,93690000.0,18.05
2022-04-08,1.73,20.0,59570000.0,20.11
2022-04-07,1.73,20.36,82620000.0,21.49
2022-04-06,1.73,21.68,73500000.0,22.04
2022-04-05,1.73,22.47,69770000.0,23.97
2022-04-04,1.73,23.85,101890000.0,23.31
2022-04-01,1.73,21.93,110170000.0,22.41
2022-03-31,1.73,21.05,77640000.0,22.28
2022-03-30,1.73,22.17,114650000.0,21.83
2022-03-29,1.73,21.88,65950000.0,21.58
2022-03-28,1.73,21.21,75250000.0,20.415
2022-03-25,1.73,19.91,106940000.0,20.31
2022-03-24,1.73,21.98,97160000.0,22.0
2022-03-23,1.73,21.87,88920000.0,21.6
2022-03-22,1.73,21.77,79810000.0,20.84
2022-03-21,1.73,20.26,89590000.0,20.75
2022-03-18,1.73,20.86,128530000.0,18.83
2022-03-17,1.73,18.82,93330000.0,17.93
2022-03-16,1.73,18.75,168010000.0,17.64
2022-03-15,1.73,14.93,139770000.0,13.48
2022-03-14,1.73,14.1,115290000.0,15.09
2022-03-11,1.73,16.07,93270000.0,18.11
2022-03-10,1.73,17.77,105880000.0,19.0
2022-03-09,1.73,20.17,84310000.0,18.56
2022-03-08,1.73,17.98,74930000.0,18.23
2022-03-07,1.73,18.12,79650000.0,18.85
2022-03-04,1.73,18.63,68600000.0,20.09
2022-03-03,1.73,19.88,69420000.0,21.73
2022-03-02,1.73,21.77,47210000.0,21.9
2022-03-01,1.73,21.87,50400000.0,22.56
2022-02-28,1.73,22.84,84000000.0,21.43
2022-02-25,1.73,20.94,56990000.0,21.33
2022-02-24,1.73,21.22,77200000.0,18.5
2022-02-23,1.73,20.46,49470000.0,22.02
2022-02-22,1.73,21.77,56040000.0,22.36
2022-02-18,1.73,23.21,52110000.0,24.78
2022-02-17,1.73,24.72,34540000.0,25.24
2022-02-16,1.73,25.61,32630000.000000004,25.4
2022-02-15,1.73,25.79,47220000.0,24.31
2022-02-14,1.73,23.79,41440000.0,23.76
2022-02-11,1.73,24.1,47870000.0,24.99
2022-02-10,1.73,25.35,54340000.0,25.05
2022-02-09,1.73,26.1,56550000.0,25.447
2022-02-08,1.73,24.69,42610000.0,23.99
2022-02-07,1.73,23.99,39660000.0,23.78
2022-02-04,1.73,23.96,45770000.0,23.46
2022-02-03,1.73,23.13,55360000.0,22.96
2022-02-02,1.73,23.76,60480000.0,24.89
2022-02-01,1.73,24.84,81990000.0,24.89
2022-01-31,1.73,24.51,96030000.0,21.73
2022-01-28,1.73,20.9,96700000.0,20.66
2022-01-27,1.73,21.11,78290000.0,22.8
2022-01-26,1.73,22.66,72130000.0,24.6
2022-01-25,1.73,23.79,53050000.0,24.16
2022-01-24,1.73,24.87,94330000.0,25.73
2022-01-21,1.73,27.35,60210000.0,28.98
2022-01-20,1.73,29.13,45220000.0,29.46
2022-01-19,1.73,28.63,34010000.0,29.72
2022-01-18,1.73,29.61,33360000.0,30.03
2022-01-14,1.73,30.95,34860000.0,30.28
2022-01-13,1.73,30.48,35400000.0,31.68
2022-01-12,1.73,31.68,54270000.0,31.2
2022-01-11,1.73,30.02,41480000.0,28.85
2022-01-10,1.73,28.91,44830000.0,29.0
2022-01-07,1.73,29.3,40780000.0,29.45
2022-01-06,1.73,29.31,48720000.0,30.01
2022-01-05,1.73,29.88,42440000.0,30.97
2022-01-04,1.73,31.58,47870000.0,33.35
2022-01-03,1.73,33.47,64410000.0,33.52
2021-12-31,1.73,31.68,67570000.0,32.04
2021-12-30,1.73,32.42,137250000.0,27.89
2021-12-29,1.73,28.25,51170000.0,29.555
2021-12-28,1.73,29.63,28810000.0,29.88
2021-12-27,1.73,29.96,36080000.0,30.39
2021-12-23,1.73,30.52,38380000.0,29.61
2021-12-22,1.73,29.85,38370000.0,29.56
2021-12-21,1.73,30.16,73650000.0,28.73
2021-12-20,1.73,28.16,56950000.0,29.45
2021-12-17,1.73,30.0,54540000.0,29.53
2021-12-16,1.73,30.07,42740000.0,31.05
2021-12-15,1.73,30.79,80800000.0,31.5
2021-12-14,1.73,32.3,46000000.0,32.23
2021-12-13,1.73,33.66,31860000.0,33.68
2021-12-10,1.73,34.26,32200000.000000004,33.9
2021-12-09,1.73,34.05,36270000.0,34.875
2021-12-08,1.73,35.05,48880000.0,33.82
2021-12-07,1.73,33.12,51770000.0,34.44
2021-12-06,1.73,32.34,70040000.0,32.35
2021-12-03,1.73,32.15,106370000.0,34.58
2021-12-02,1.73,36.2,85260000.0,38.832
2021-12-01,1.73,38.31,48130000.0,40.41
2021-11-30,1.73,39.13,47970000.0,40.37
2021-11-29,1.73,40.46,35110000.0,40.85
2021-11-26,1.73,39.99,30470000.0,39.4
2021-11-24,1.73,41.42,33470000.0,41.7
2021-11-23,1.73,42.04,55090000.0,41.5
2021-11-22,1.73,41.49,70990000.0,40.42
2021-11-19,1.73,38.66,30070000.0,38.59
2021-11-18,1.73,38.41,42260000.0,39.0
2021-11-17,1.73,39.67,35830000.0,40.57
2021-11-16,1.73,40.67,37100000.0,40.89
2021-11-15,1.73,40.57,47570000.0,42.6
2021-11-12,1.73,42.67,34740000.0,42.69
2021-11-11,1.73,42.2,39930000.0,40.89
2021-11-10,1.73,39.55,48510000.0,40.89
2021-11-09,1.73,40.64,49160000.0,43.49
2021-11-08,1.73,43.2,38490000.0,42.65
2021-11-05,1.73,42.29,33049999.999999996,43.52
2021-11-04,1.73,43.12,53630000.0,42.76
2021-11-03,1.73,41.5,34200000.0,41.98
2021-11-02,1.73,41.3,46240000.0,40.47
2021-11-01,1.73,40.84,53060000.0,38.11
2021-10-29,1.73,39.41,33420000.0,40.25
2021-10-28,1.73,40.79,32770000.000000004,39.53
2021-10-27,1.73,39.31,28750000.0,40.9
2021-10-26,1.73,40.47,55880000.0,41.29
2021-10-25,1.73,41.27,46940000.0,39.4
2021-10-22,1.73,38.88,28020000.0,39.96
2021-10-21,1.73,39.97,25390000.0,39.51
2021-10-20,1.73,39.78,25120000.0,39.97
2021-10-19,1.73,40.03,37820000.0,40.27
2021-10-18,1.73,39.61,43500000.0,37.49
2021-10-15,1.73,37.71,48170000.0,36.99
2021-10-14,1.73,36.28,29900000.0,36.21
2021-10-13,1.73,36.24,33439999.999999996,35.78
2021-10-12,1.73,35.51,26590000.0,35.7
2021-10-11,1.73,35.64,25400000.0,36.09
2021-10-08,1.73,35.83,31960000.0,36.44
2021-10-07,1.73,35.99,67950000.0,35.44
2021-10-06,1.73,33.66,22890000.0,33.41
2021-10-05,1.73,33.87,26440000.0,33.3
2021-10-04,1.73,33.4,40820000.0,35.02
2021-10-01,1.73,35.38,34920000.0,36.63
2021-09-30,1.73,35.63,25770000.0,35.63
2021-09-29,1.73,35.13,33549999.999999996,35.44
2021-09-28,1.73,35.05,37510000.0,36.28
2021-09-27,1.73,36.77,36090000.0,35.43
2021-09-24,1.73,35.38,23760000.0,35.59
2021-09-23,1.73,36.01,27150000.0,36.2
2021-09-22,1.73,35.7,26610000.0,35.21
2021-09-21,1.73,34.9,31710000.0,35.52
2021-09-20,1.73,35.17,57610000.0,36.11
2021-09-17,1.73,37.51,29620000.0,37.3
2021-09-16,1.73,37.09,33020000.000000004,37.54
2021-09-15,1.73,38.03,27050000.0,38.0
2021-09-14,1.73,37.89,30860000.0,38.49
2021-09-13,1.73,38.39,38410000.0,38.01
2021-09-10,1.73,37.98,29270000.0,38.62
2021-09-09,1.73,38.45,33810000.0,37.98
2021-09-08,1.73,38.14,51800000.0,39.17
2021-09-07,1.73,40.59,35290000.0,40.85
2021-09-03,1.73,40.37,30390000.0,40.11
2021-09-02,1.73,40.35,43900000.0,39.065
2021-09-01,1.73,39.08,56910000.0,37.49
2021-08-31,1.73,39.31,44940000.0,38.24
2021-08-30,1.73,37.8,38130000.0,38.17
2021-08-27,1.73,38.05,23500000.0,38.23
2021-08-26,1.73,38.26,34430000.0,38.63
2021-08-25,1.73,38.95,25640000.0,38.66
2021-08-24,1.73,38.94,37930000.0,39.24
2021-08-23,1.73,38.17,39610000.0,37.44
2021-08-20,1.73,36.92,43490000.0,36.63
2021-08-19,1.73,36.29,56720000.0,37.89
2021-08-18,1.73,38.86,48280000.0,38.49
2021-08-17,1.73,38.1,60840000.0,37.46
2021-08-16,1.73,38.62,66590000.0,39.46
2021-08-13,1.73,41.03,39160000.0,41.9
2021-08-12,1.73,42.47,50760000.0,44.35
2021-08-11,1.73,43.97,33810000.0,44.71
2021-08-10,1.73,44.22,29570000.0,45.47
2021-08-09,1.73,45.21,30550000.0,43.7
2021-08-06,1.73,43.84,38020000.0,45.55
2021-08-05,1.73,45.6,33360000.0,44.75
2021-08-04,1.73,45.09,35450000.0,45.47
2021-08-03,1.73,44.57,46030000.0,45.23
2021-08-02,1.73,45.85,68450000.0,44.65
2021-07-30,1.73,44.68,66260000.00000001,42.23
2021-07-29,1.73,42.62,46850000.0,42.25
2021-07-28,1.73,41.84,59210000.0,40.91
2021-07-27,1.73,39.36,102710000.0,42.44
2021-07-26,1.73,43.17,54760000.0,42.67
2021-07-23,1.73,43.99,49560000.0,43.67
2021-07-22,1.73,46.07,38940000.0,46.96
2021-07-21,1.73,46.77,59850000.0,44.1
2021-07-20,1.73,44.17,37930000.0,43.6
2021-07-19,1.73,43.35,65290000.00000001,41.49
2021-07-16,1.73,42.8,49930000.0,43.85
2021-07-15,1.73,43.68,55860000.0,43.26
2021-07-14,1.73,43.05,56810000.0,44.84
2021-07-13,1.73,44.96,44690000.0,46.2
2021-07-12,1.73,46.34,54670000.0,45.97
2021-07-09,1.73,45.53,64620000.00000001,46.71
2021-07-08,1.73,45.6,93770000.0,43.86
2021-07-07,1.73,46.04,85810000.0,50.2
2021-07-06,1.73,50.29,67710000.0,49.4
2021-07-02,1.73,50.4,78730000.0,51.26
2021-07-01,1.73,50.9,124530000.0,54.77
2021-06-30,1.73,53.2,92030000.0,50.58
2021-06-29,1.73,50.34,64800000.0,49.15
2021-06-28,1.73,49.4,90200000.0,45.72
2021-06-25,1.73,45.07,32610000.0,45.78
2021-06-24,1.73,45.46,37680000.0,45.91
2021-06-23,1.73,45.41,39490000.0,44.97
2021-06-22,1.73,44.1,61390000.0,45.86
2021-06-21,1.73,46.51,44480000.0,46.55
2021-06-18,1.73,46.91,90780000.0,47.68
2021-06-17,1.73,47.36,64900000.00000001,45.05
2021-06-16,1.73,45.02,47380000.0,44.23
2021-06-15,1.73,45.15,44760000.0,46.21
2021-06-14,1.73,46.55,65290000.00000001,45.95
2021-06-11,1.73,45.68,85730000.0,42.93
2021-06-10,1.73,42.76,34760000.0,42.67
2021-06-09,1.73,42.74,36360000.0,43.53
2021-06-08,1.73,43.56,50330000.0,44.46
2021-06-07,1.73,43.68,53260000.0,41.67
2021-06-04,1.73,41.94,40990000.0,41.43
2021-06-03,1.73,40.9,62440000.0,40.68
2021-06-02,1.73,41.16,66379999.99999999,42.15
2021-06-01,1.73,42.34,101540000.0,39.99
2021-05-28,1.73,38.62,58240000.0,38.745
2021-05-27,1.73,38.91,53060000.0,37.95
2021-05-26,1.73,37.76,55930000.0,36.25
2021-05-25,1.73,36.07,76630000.0,36.32
2021-05-24,1.73,35.89,67240000.0,34.26
2021-05-21,1.73,34.06,49570000.0,34.66
2021-05-20,1.73,34.33,48990000.0,33.98
2021-05-19,1.73,33.46,68800000.0,32.98
2021-05-18,1.73,34.19,64930000.00000001,34.01
2021-05-17,1.73,33.81,64019999.99999999,33.33
2021-05-14,1.73,33.42,80210000.0,31.94
2021-05-13,1.73,31.22,113690000.0,33.85
2021-05-12,1.73,33.68,75990000.0,34.38
2021-05-11,1.73,34.87,113420000.0,32.45
2021-05-10,1.73,34.33,92290000.0,36.78
2021-05-07,1.73,36.94,55550000.0,37.17
2021-05-06,1.73,36.68,71660000.0,37.49
2021-05-05,1.73,37.71,56340000.0,38.34
2021-05-04,1.73,37.93,78260000.0,38.99
2021-05-03,1.73,39.54,80090000.0,40.34
2021-04-30,1.73,39.84,116730000.0,37.73
2021-04-29,1.73,38.99,82660000.0,41.38
2021-04-28,1.73,41.19,57640000.0,40.74
2021-04-27,1.73,41.21,70000000.0,43.02
2021-04-26,1.73,42.62,88230000.0,41.96
2021-04-23,1.73,41.08,70580000.0,40.2
2021-04-22,1.73,39.57,115800000.0,38.99
2021-04-21,1.73,38.9,77450000.0,36.53
2021-04-20,1.73,36.93,71210000.0,37.17
2021-04-19,1.73,36.78,92190000.0,36.78
2021-04-16,1.73,36.09,84480000.0,34.69
2021-04-15,1.73,35.66,100440000.0,37.02
2021-04-14,1.73,37.02,78450000.0,39.23
2021-04-13,1.73,38.48,62010000.0,37.48
2021-04-12,1.73,37.14,53430000.0,37.96
2021-04-09,1.73,38.12,69270000.0,38.355
2021-04-08,1.73,38.7,63690000.0,37.62
2021-04-07,1.73,37.27,80020000.0,39.7
2021-04-06,1.73,40.0,67970000.0,38.83
2021-04-05,1.73,39.31,71420000.0,40.54
2021-04-01,1.73,39.66,116310000.0,41.56
2021-03-31,1.73,38.98,98300000.0,38.96
2021-03-30,1.73,37.55,106150000.0,35.2
2021-03-29,1.73,35.51,83190000.0,35.26
2021-03-26,1.73,36.13,163040000.0,35.65
2021-03-25,1.73,37.94,118080000.0,35.24
2021-03-24,1.73,36.96,130699999.99999999,41.2
2021-03-23,1.73,41.18,58540000.0,42.58
2021-03-22,1.73,42.94,72840000.0,44.07
2021-03-19,1.73,43.35,97660000.0,41.44
2021-03-18,1.73,41.63,71360000.0,43.3
2021-03-17,1.73,44.76,96150000.0,41.9
2021-03-16,1.73,43.68,84360000.0,45.04
2021-03-15,1.73,44.93,74440000.0,45.55
2021-03-12,1.73,45.5,113460000.0,43.51
2021-03-11,1.73,46.03,134790000.0,44.437
2021-03-10,1.73,41.32,190800000.0,43.5
2021-03-09,1.73,41.35,176600000.0,37.48
2021-03-08,1.73,35.21,143070000.0,36.97
2021-03-05,1.73,38.11,270800000.0,39.24
2021-03-04,1.73,39.28,205870000.0,40.49
2021-03-03,1.73,41.53,107860000.0,44.58
2021-03-02,1.73,43.29,161330000.0,46.11
2021-03-01,1.73,49.76,94240000.0,48.55
2021-02-26,1.73,45.78,100320000.0,47.0
2021-02-25,1.73,46.81,95510000.0,51.6
2021-02-24,1.73,51.86,82490000.0,49.31
2021-02-23,1.73,49.11,142540000.0,45.62
2021-02-22,1.73,50.68,68830000.0,54.18
2021-02-19,1.73,55.04,43020000.0,55.72
2021-02-18,1.73,54.43,62510000.0,55.45
2021-02-17,1.73,57.32,64200000.0,57.92
2021-02-16,1.73,59.23,55080000.0,60.4
2021-02-12,1.73,59.85,40230000.0,60.26
2021-02-11,1.73,60.27,55730000.0,61.69
2021-02-10,1.73,61.26,90370000.0,62.55
2021-02-09,1.73,62.84,97250000.0,58.95
2021-02-08,1.73,59.07,64260000.00000001,57.08
2021-02-05,1.73,56.67,43060000.0,57.74
2021-02-04,1.73,57.6,48670000.0,58.79
2021-02-03,1.73,57.98,80120000.0,55.96
2021-02-02,1.73,55.77,66230000.00000001,57.06
2021-02-01,1.73,56.99,79880000.0,59.07
2021-01-29,1.73,57.0,78680000.0,59.03
2021-01-28,1.73,58.37,73960000.0,56.76
2021-01-27,1.73,57.15,73080000.0,57.95
2021-01-26,1.73,60.31,70390000.0,60.04
2021-01-25,1.73,59.99,111990000.0,64.05
2021-01-22,1.73,61.95,133919999.99999999,58.95
2021-01-21,1.73,58.34,73120000.0,57.02
2021-01-20,1.73,57.71,94980000.0,59.85
2021-01-19,1.73,58.44,99560000.0,58.21
2021-01-15,1.73,56.27,132250000.0,59.84
2021-01-14,1.73,60.87,99340000.0,62.63
2021-01-13,1.73,62.15,116060000.0,62.94
2021-01-12,1.73,62.04,184850000.0,61.42
2021-01-11,1.73,62.7,279770000.0,64.95
2021-01-08,1.73,58.92,218510000.0,57.76
2021-01-07,1.73,54.28,119430000.0,53.05
2021-01-06,1.73,50.5,176400000.0,54.02
2021-01-05,1.73,53.2,147470000.0,51.97
2021-01-04,1.73,53.49,213110000.0,51.2
2020-12-31,1.73,48.74,129340000.0,48.46
2020-12-30,1.73,48.38,116690000.0,46.5
2020-12-29,1.73,46.14,120690000.0,43.7
2020-12-28,1.73,44.06,105080000.0,46.67
2020-12-24,1.73,45.77,60580000.0,46.88
2020-12-23,1.73,47.01,81250000.0,47.48
2020-12-22,1.73,47.58,117430000.0,49.61
2020-12-21,1.73,48.95,132560000.0,45.63
2020-12-18,1.73,46.72,126250000.0,45.89
2020-12-17,1.73,46.0,130000000.0,45.17
2020-12-16,1.73,44.67,120110000.0,44.25
2020-12-15,1.73,43.5,132340000.0,42.47
2020-12-14,1.73,40.98,171600000.0,39.94
2020-12-11,1.73,41.98,147080000.0,42.48
2020-12-10,1.73,45.22,107380000.0,42.44
2020-12-09,1.73,44.01,121390000.0,47.08
2020-12-08,1.73,46.56,115800000.0,47.21
2020-12-07,1.73,45.11,165050000.0,42.5
2020-12-04,1.73,43.04,191970000.0,44.66
2020-12-03,1.73,45.35,173420000.0,47.9
2020-12-02,1.73,47.98,313030000.0,40.16
2020-12-01,1.73,45.36,248230000.0,52.02
2020-11-30,1.73,50.53,179770000.0,54.21
2020-11-27,1.73,54.0,105800000.0,54.86
2020-11-25,1.73,53.69,204510000.0,49.98
2020-11-24,1.73,53.51,243670000.0,56.99
2020-11-23,1.73,55.38,270200000.0,50.86
2020-11-20,1.73,49.25,209110000.0,48.27
2020-11-19,1.73,48.45,233780000.0,45.36
2020-11-18,1.73,45.06,271680000.0,45.75
2020-11-17,1.73,46.59,345580000.0,47.57
2020-11-16,1.73,45.58,306210000.0,41.115
2020-11-13,1.73,44.56,579070000.0,51.29
2020-11-12,1.73,48.3,348330000.0,44.475
2020-11-11,1.73,43.08,179580000.0,39.71
2020-11-10,1.73,41.55,237400000.0,44.5
2020-11-09,1.73,44.02,218730000.0,41.65
2020-11-06,1.73,41.63,288780000.0,41.09
2020-11-05,1.73,42.35,302470000.0,38.78
2020-11-04,1.73,37.71,339390000.0,37.44
2020-11-03,1.73,35.5,217610000.0,33.57
2020-11-02,1.73,33.32,265720000.00000003,33.95
2020-10-30,1.73,30.58,136900000.0,31.39
2020-10-29,1.73,31.99,214030000.0,28.52
2020-10-28,1.73,27.51,89370000.0,27.92
2020-10-27,1.73,28.44,104260000.0,26.21
2020-10-26,1.73,26.01,72610000.0,26.61
2020-10-23,1.73,27.16,51780000.0,27.37
2020-10-22,1.73,27.38,72170000.0,28.15
2020-10-21,1.73,27.86,65360000.0,27.9
2020-10-20,1.73,27.96,105230000.0,27.42
2020-10-19,1.73,27.63,115710000.0,28.21
2020-10-16,1.73,28.48,186760000.0,29.18
2020-10-15,1.73,28.07,385210000.0,27.2
2020-10-14,1.73,26.5,387900000.0,23.98
2020-10-13,1.73,21.62,42580000.0,21.86
2020-10-12,1.73,21.85,45480000.0,21.88
2020-10-09,1.73,21.47,37330000.0,21.62
2020-10-08,1.73,21.44,77720000.0,22.05
2020-10-07,1.73,21.56,59350000.0,21.06
2020-10-06,1.73,20.67,73220000.0,21.71
2020-10-05,1.73,21.59,60860000.0,21.66
2020-10-02,1.73,21.18,92710000.0,20.83
2020-10-01,1.73,21.76,79120000.0,21.68
2020-09-30,1.73,21.22,183530000.0,21.72
2020-09-29,1.73,20.85,164380000.0,18.76
2020-09-28,1.73,18.81,42790000.0,18.88
2020-09-25,1.73,18.32,44120000.0,18.02
2020-09-24,1.73,17.85,71070000.0,17.32
2020-09-23,1.73,17.96,70570000.0,19.22
2020-09-22,1.73,19.23,61060000.0,18.48
2020-09-21,1.73,18.81,75970000.0,19.05
2020-09-18,1.73,19.41,54890000.0,19.72
2020-09-17,1.73,19.3,55190000.0,18.26
2020-09-16,1.73,19.01,57850000.0,19.27
2020-09-15,1.73,19.19,111630000.0,19.1
2020-09-14,1.73,18.73,68230000.0,18.18
2020-09-11,1.73,17.97,55370000.0,18.0
2020-09-10,1.73,17.74,79680000.0,18.49
2020-09-09,1.73,18.09,90990000.0,17.9
2020-09-08,1.73,17.03,89620000.0,17.17
2020-09-04,1.73,17.98,163330000.0,18.54
2020-09-03,1.73,18.7,128360000.00000001,19.09
2020-09-02,1.73,19.9,153460000.0,20.92
2020-09-01,1.73,20.12,137640000.0,19.45
2020-08-31,1.73,19.03,226610000.0,17.19
2020-08-28,1.73,18.5,155240000.0,18.87
2020-08-27,1.73,19.88,199850000.0,19.99
2020-08-26,1.73,20.44,364100000.0,19.01
2020-08-25,1.73,17.84,299050000.0,15.08
2020-08-24,1.73,14.97,98700000.0,14.63
2020-08-21,1.73,14.12,70190000.0,13.64
2020-08-20,1.73,13.78,50070000.0,13.85
2020-08-19,1.73,14.06,41970000.0,14.29
2020-08-18,1.73,14.3,69960000.0,14.23
2020-08-17,1.73,14.05,78340000.0,13.08
2020-08-14,1.73,13.1,63250000.0,13.18
2020-08-13,1.73,13.36,50090000.0,13.45
2020-08-12,1.73,13.36,77470000.0,13.34
2020-08-11,1.73,12.99,181310000.0,15.24
2020-08-10,1.73,14.21,84270000.0,13.95
2020-08-07,1.73,13.42,57750000.0,13.54
2020-08-06,1.73,13.84,49790000.0,14.1
2020-08-05,1.73,13.92,60380000.0,13.49
2020-08-04,1.73,13.64,125730000.0,14.41
2020-08-03,1.73,13.6,122930000.0,12.53
2020-07-31,1.73,11.94,61810000.0,12.36
2020-07-30,1.73,12.2,64950000.0,12.59
2020-07-29,1.73,12.7,69550000.0,12.65
2020-07-28,1.73,12.27,90080000.0,11.49
2020-07-27,1.73,11.69,64069999.99999999,12.04
2020-07-24,1.73,11.82,93430000.0,11.38
2020-07-23,1.73,12.15,95210000.0,12.57
2020-07-22,1.73,12.38,112260000.0,12.37
2020-07-21,1.73,12.88,128389999.99999999,13.43
2020-07-20,1.73,12.82,155430000.0,11.4
2020-07-17,1.73,11.09,290410000.0,11.87
2020-07-16,1.73,12.94,134610000.0,12.53
2020-07-15,1.73,13.52,114600000.0,13.83
2020-07-14,1.73,14.09,196120000.0,13.19
2020-07-13,1.73,13.84,313460000.0,15.23
2020-07-10,1.73,14.98,318850000.0,15.61
2020-07-09,1.73,14.57,316790000.0,13.5
2020-07-08,1.73,12.88,570910000.0,14.13
2020-07-07,1.73,13.22,444070000.0,11.26
2020-07-06,1.73,11.51,329220000.0,11.02
2020-07-02,1.73,9.38,221500000.0,9.03
2020-07-01,1.73,7.91,64840000.0,7.72
2020-06-30,1.73,7.72,84490000.0,7.2
2020-06-29,1.73,7.23,46070000.0,6.98
2020-06-26,1.73,6.9,33600000.0,7.03
2020-06-25,1.73,7.08,46660000.0,6.66
2020-06-24,1.73,6.86,103890000.0,6.91
2020-06-23,1.73,7.23,79860000.0,7.53
2020-06-22,1.73,7.43,112980000.0,7.8
2020-06-19,1.73,7.34,84600000.0,7.35
2020-06-18,1.73,7.18,78850000.0,6.8
2020-06-17,1.73,6.84,58930000.0,6.93
2020-06-16,1.73,6.99,130479999.99999999,7.42
2020-06-15,1.73,6.83,113690000.0,5.96
2020-06-12,1.73,6.1,59840000.0,6.2
2020-06-11,1.73,5.91,126510000.0,5.75
2020-06-10,1.73,6.3,100170000.0,6.73
2020-06-09,1.73,6.68,136910000.0,5.83
2020-06-08,1.73,5.97,85950000.0,5.79
2020-06-05,1.73,5.59,90810000.0,6.04
2020-06-04,1.73,5.97,173050000.0,6.01
2020-06-03,1.73,5.6,199210000.0,5.0
2020-06-02,1.73,4.7,82480000.0,4.36
2020-06-01,1.73,4.26,69220000.0,3.99
2020-05-29,1.73,3.98,50400000.0,3.82
2020-05-28,1.73,3.83,63100000.0,3.97
2020-05-27,1.73,4.17,70720000.0,4.01
2020-05-26,1.73,3.82,59850000.0,3.42
2020-05-22,1.73,3.27,22890000.0,3.33
2020-05-21,1.73,3.33,41630000.0,3.4
2020-05-20,1.73,3.48,52060000.0,3.76
2020-05-19,1.73,3.69,21710000.0,3.6
2020-05-18,1.73,3.61,27830000.0,3.51
2020-05-15,1.73,3.37,13700000.0,3.36
2020-05-14,1.73,3.45,20940000.0,3.31
2020-05-13,1.73,3.44,34030000.0,3.65
2020-05-12,1.73,3.62,21940000.0,3.74
2020-05-11,1.73,3.74,16590000.0,3.72
2020-05-08,1.73,3.77,27860000.0,3.68
2020-05-07,1.73,3.63,26740000.0,3.63
2020-05-06,1.73,3.62,54350000.0,3.59
2020-05-05,1.73,3.28,22320000.0,3.44
2020-05-04,1.73,3.34,23390000.0,3.08
2020-05-01,1.73,3.18,31270000.0,3.3
2020-04-30,1.73,3.41,44540000.0,3.63
2020-04-29,1.73,3.61,89240000.0,3.83
2020-04-28,1.73,3.34,36330000.0,3.4
2020-04-27,1.73,3.24,35640000.0,3.0
2020-04-24,1.73,2.94,22130000.0,3.08
2020-04-23,1.73,3.06,17430000.0,3.2
2020-04-22,1.73,3.09,14540000.0,3.09
2020-04-21,1.73,3.02,19790000.0,3.1
2020-04-20,1.73,3.19,18690000.0,3.18
2020-04-17,1.73,3.21,22030000.0,3.36
2020-04-16,1.73,3.25,37800000.0,3.3
2020-04-15,1.73,3.2,27530000.0,2.95
2020-04-14,1.73,3.01,36480000.0,3.15
2020-04-13,1.73,2.97,38420000.0,2.67
2020-04-09,1.73,2.67,32810000.000000004,2.82
2020-04-08,1.73,2.74,18310000.0,2.76
2020-04-07,1.73,2.7,46150000.0,2.81
2020-04-06,1.73,2.47,34870000.0,2.48
2020-04-03,1.73,2.4,19520000.0,2.45
2020-04-02,1.73,2.39,58940000.0,2.51
2020-04-01,1.73,2.65,17150000.0,2.63
2020-03-31,1.73,2.78,30260000.0,2.83
2020-03-30,1.73,2.71,20120000.0,2.81
2020-03-27,1.73,2.84,25130000.0,2.85
2020-03-26,1.73,2.93,43670000.0,2.83
2020-03-25,1.73,2.76,56590000.0,2.73
2020-03-24,1.73,2.6,64750000.0,2.52
2020-03-23,1.73,2.37,47440000.0,2.33
2020-03-20,1.73,2.4,50530000.0,2.49
2020-03-19,1.73,2.38,35500000.0,2.31
2020-03-18,1.73,2.43,94430000.0,2.39
2020-03-17,1.73,2.9,34860000.0,2.97
2020-03-16,1.73,2.94,41270000.0,2.87
2020-03-13,1.73,3.11,41770000.0,3.28
2020-03-12,1.73,3.13,52440000.0,3.06
2020-03-11,1.73,3.32,31600000.0,3.4
2020-03-10,1.73,3.5,34930000.0,3.49
2020-03-09,1.73,3.29,55310000.0,3.01
2020-03-06,1.73,3.55,61240000.0,3.62
2020-03-05,1.73,3.72,72700000.0,3.78
2020-03-04,1.73,3.87,49470000.0,4.03
2020-03-03,1.73,4.06,47640000.0,4.08
2020-03-02,1.73,4.11,56060000.0,4.15
2020-02-28,1.73,4.13,63780000.0,3.96
2020-02-27,1.73,4.14,77850000.0,4.09
2020-02-26,1.73,4.34,69730000.0,4.5
2020-02-25,1.73,4.4,206260000.0,5.18
2020-02-24,1.73,3.88,56250000.0,3.79
2020-02-21,1.73,4.08,40480000.0,4.2
2020-02-20,1.73,4.26,86870000.0,4.1
2020-02-19,1.73,4.08,73260000.0,3.93
2020-02-18,1.73,3.8,47960000.0,3.9
2020-02-14,1.73,3.77,69660000.0,4.02
2020-02-13,1.73,4.03,42410000.0,3.95
2020-02-12,1.73,4.07,50980000.0,4.0
2020-02-11,1.73,3.96,54100000.0,3.83
2020-02-10,1.73,3.87,67160000.0,3.67
2020-02-07,1.73,3.81,80780000.0,4.02
2020-02-06,1.73,4.08,75640000.0,4.2
2020-02-05,1.73,4.39,73630000.0,4.37
2020-02-04,1.73,4.51,123640000.0,4.29
2020-02-03,1.73,4.06,74050000.0,3.54
2020-01-31,1.73,3.78,77920000.0,4.02
2020-01-30,1.73,4.08,75010000.0,4.24
2020-01-29,1.73,4.27,54690000.0,4.23
2020-01-28,1.73,4.21,48980000.0,4.25
2020-01-27,1.73,4.01,102030000.0,3.98
2020-01-24,1.73,4.66,65540000.00000001,5.0
2020-01-23,1.73,4.92,102540000.0,4.57
2020-01-22,1.73,4.79,207130000.0,5.42
2020-01-21,1.73,5.17,181420000.0,4.6
2020-01-17,1.73,4.67,109600000.0,4.51
2020-01-16,1.73,4.37,99340000.0,3.99
2020-01-15,1.73,4.29,236360000.0,4.19
2020-01-14,1.73,3.76,55270000.0,3.7
2020-01-13,1.73,3.7,59980000.0,3.71
2020-01-10,1.73,3.51,35760000.0,3.49
2020-01-09,1.73,3.46,54720000.0,3.44
2020-01-08,1.73,3.39,65260000.00000001,3.14
2020-01-07,1.73,3.24,109300000.0,3.7
2020-01-06,1.73,3.68,106850000.0,4.19
2020-01-03,1.73,3.83,82980000.0,3.5
2020-01-02,1.73,3.72,103900000.0,4.1
2019-12-31,1.73,4.02,215200000.0,4.15
2019-12-30,1.73,3.72,433830000.0,2.92
2019-12-27,1.73,2.42,37700000.0,2.54
2019-12-26,1.73,2.51,44200000.0,2.45
2019-12-24,1.73,2.53,32030000.0,2.63
2019-12-23,1.73,2.67,28630000.0,2.74
2019-12-20,1.73,2.69,51010000.0,2.65
2019-12-19,1.73,2.62,36390000.0,2.69
2019-12-18,1.73,2.63,31840000.0,2.58
2019-12-17,1.73,2.59,45710000.0,2.54
2019-12-16,1.73,2.48,36960000.0,2.44
2019-12-13,1.73,2.39,37270000.0,2.31
2019-12-12,1.73,2.27,22520000.0,2.3
2019-12-11,1.73,2.26,20360000.0,2.26
2019-12-10,1.73,2.27,25260000.0,2.2
2019-12-09,1.73,2.22,31820000.0,2.21
2019-12-06,1.73,2.26,32060000.000000004,2.32
2019-12-05,1.73,2.27,53340000.0,2.53
2019-12-04,1.73,2.42,46920000.0,2.42
2019-12-03,1.73,2.4,38020000.0,2.31
2019-12-02,1.73,2.44,33150000.0,2.35
2019-11-29,1.73,2.27,32640000.0,2.36
2019-11-27,1.73,2.46,77490000.0,2.32
2019-11-26,1.73,2.28,55680000.0,2.12
2019-11-25,1.73,2.05,36940000.0,1.99
2019-11-22,1.73,1.94,25210000.0,2.04
2019-11-21,1.73,1.98,41550000.0,1.87
2019-11-20,1.73,1.84,20770000.0,1.85
2019-11-19,1.73,1.83,26830000.0,1.78
2019-11-18,1.73,1.8,26550000.0,1.88
2019-11-15,1.73,1.8,32270000.000000004,1.75
2019-11-14,1.73,1.75,46810000.0,1.86
2019-11-13,1.73,1.9,25130000.0,1.9
2019-11-12,1.73,1.94,27820000.0,1.9
2019-11-11,1.73,1.86,34370000.0,1.9
2019-11-08,1.73,1.98,38420000.0,2.13
2019-11-07,1.73,2.07,39590000.0,2.11
2019-11-06,1.73,2.03,114180000.0,2.46
2019-11-05,1.73,2.34,184640000.0,1.88
2019-11-04,1.73,1.71,61270000.0,1.65
2019-11-01,1.73,1.52,18040000.0,1.49
2019-10-31,1.73,1.45,22420000.0,1.47
2019-10-30,1.73,1.43,20880000.0,1.42
2019-10-29,1.73,1.39,22390000.0,1.45
2019-10-28,1.73,1.48,32759999.999999996,1.43
2019-10-25,1.73,1.51,20580000.0,1.54
2019-10-24,1.73,1.54,21620000.0,1.57
2019-10-23,1.73,1.53,12850000.0,1.58
2019-10-22,1.73,1.58,39050000.0,1.7
2019-10-21,1.73,1.69,40270000.0,1.52
2019-10-18,1.73,1.52,21500000.0,1.45
2019-10-17,1.73,1.46,18390000.0,1.46
2019-10-16,1.73,1.46,40840000.0,1.46
2019-10-15,1.73,1.55,27710000.0,1.63
2019-10-14,1.73,1.53,12600000.0,1.56
2019-10-11,1.73,1.56,25710000.0,1.55
2019-10-10,1.73,1.53,34070000.0,1.64
2019-10-09,1.73,1.64,35980000.0,1.75
2019-10-08,1.73,1.7,47250000.0,1.73
2019-10-07,1.73,1.55,26930000.0,1.58
2019-10-04,1.73,1.62,25310000.0,1.6
2019-10-03,1.73,1.64,58720000.0,1.59
2019-10-02,1.73,1.59,99490000.0,1.19
2019-10-01,1.73,1.32,88300000.0,1.51
2019-09-30,1.73,1.56,58970000.0,1.72
2019-09-27,1.73,1.75,59980000.0,1.94
2019-09-26,1.73,1.96,52900000.0,2.05
2019-09-25,1.73,2.05,39270000.0,2.15
2019-09-24,1.73,2.17,122300000.0,2.22
2019-09-23,1.73,2.72,40590000.0,2.98
2019-09-20,1.73,3.04,12050000.0,3.14
2019-09-19,1.73,3.1,8840000.0,3.12
2019-09-18,1.73,3.08,12580000.0,3.21
2019-09-17,1.73,3.18,13010000.0,3.11
2019-09-16,1.73,3.12,12370000.0,3.15
2019-09-13,1.73,3.21,8369999.999999999,3.22
2019-09-12,1.73,3.19,10960000.0,3.24
2019-09-11,1.73,3.27,13620000.0,3.28
2019-09-10,1.73,3.32,20850000.0,3.13
2019-09-09,1.73,3.14,17390000.0,3.0
2019-09-06,1.73,2.98,14510000.0,2.99
2019-09-05,1.73,2.95,23270000.0,2.81
2019-09-04,1.73,2.75,15210000.0,2.7
2019-09-03,1.73,2.6,26900000.0,2.82
2019-08-30,1.73,2.86,8160000.0,2.9
2019-08-29,1.73,2.85,12380000.0,2.91
2019-08-28,1.73,2.84,10490000.0,2.9
2019-08-27,1.73,2.91,20420000.0,2.92
2019-08-26,1.73,2.9,14140000.0,2.95
2019-08-23,1.73,2.92,13650000.0,2.97
2019-08-22,1.73,3.02,12430000.0,3.06
2019-08-21,1.73,3.05,21520000.0,3.23
2019-08-20,1.73,3.16,16700000.0,3.06
2019-08-19,1.73,3.0,13660000.0,3.0
2019-08-16,1.73,2.95,15880000.0,2.89
2019-08-15,1.73,2.82,15740000.0,2.99
2019-08-14,1.73,2.9,28210000.0,3.08
2019-08-13,1.73,3.15,18610000.0,3.0
2019-08-12,1.73,3.05,14210000.0,3.05
2019-08-09,1.73,3.13,10610000.0,3.1
2019-08-08,1.73,3.17,21000000.0,3.13
2019-08-07,1.73,3.09,18090000.0,3.04
2019-08-06,1.73,3.08,23460000.0,3.09
2019-08-05,1.73,2.95,38740000.0,3.14
2019-08-02,1.73,3.27,17210000.0,3.21
2019-08-01,1.73,3.28,28760000.0,3.45
2019-07-31,1.73,3.47,19920000.0,3.38
2019-07-30,1.73,3.38,14130000.0,3.43
2019-07-29,1.73,3.46,25890000.0,3.55
2019-07-26,1.73,3.51,15610000.0,3.56
2019-07-25,1.73,3.5,26510000.0,3.68
2019-07-24,1.73,3.67,38840000.0,3.45
2019-07-23,1.73,3.46,12460000.0,3.43
2019-07-22,1.73,3.38,12380000.0,3.38
2019-07-19,1.73,3.37,13780000.0,3.43
2019-07-18,1.73,3.43,17650000.0,3.47
2019-07-17,1.73,3.44,26700000.0,3.28
2019-07-16,1.73,3.3,25760000.0,3.4
2019-07-15,1.73,3.39,19830000.0,3.49
2019-07-12,1.73,3.45,39430000.0,3.34
2019-07-11,1.73,3.42,57070000.0,3.64
2019-07-10,1.73,3.68,85130000.0,3.95
2019-07-09,1.73,3.69,87410000.0,3.58
2019-07-08,1.73,3.49,40420000.0,3.21
2019-07-05,1.73,3.26,35910000.0,3.31
2019-07-03,1.73,3.13,75340000.0,2.93
2019-07-02,1.73,2.82,35320000.0,2.6
2019-07-01,1.73,2.6,19540000.0,2.67
2019-06-28,1.73,2.55,17640000.0,2.6
2019-06-27,1.73,2.6,27690000.0,2.51
2019-06-26,1.73,2.55,20680000.0,2.64
2019-06-25,1.73,2.6,16290000.0,2.64
2019-06-24,1.73,2.64,22690000.0,2.61
2019-06-21,1.73,2.64,49600000.0,2.88
2019-06-20,1.73,2.83,55700000.0,2.87
2019-06-19,1.73,2.74,43760000.0,2.67
2019-06-18,1.73,2.53,50080000.0,2.52
2019-06-17,1.73,2.46,20830000.0,2.39
2019-06-14,1.73,2.42,27070000.0,2.44
2019-06-13,1.73,2.52,21960000.0,2.55
2019-06-12,1.73,2.55,30100000.0,2.62
2019-06-11,1.73,2.61,33070000.0,2.67
2019-06-10,1.73,2.63,35990000.0,2.75
2019-06-07,1.73,2.76,31400000.0,2.64
2019-06-06,1.73,2.65,54090000.0,2.9
2019-06-05,1.73,2.83,38180000.0,3.07
2019-06-04,1.73,3.04,30920000.0,3.0
2019-06-03,1.73,2.96,51790000.0,2.98
2019-05-31,1.73,3.05,39380000.0,3.07
2019-05-30,1.73,3.24,55940000.0,3.55
2019-05-29,1.73,3.61,41690000.0,3.89
2019-05-28,1.73,4.0,114470000.0,4.12
2019-05-24,1.73,3.86,26070000.0,3.98
2019-05-23,1.73,3.93,27860000.0,3.96
2019-05-22,1.73,4.05,35450000.0,4.25
2019-05-21,1.73,4.29,23440000.0,4.35
2019-05-20,1.73,4.25,23570000.0,4.38
2019-05-17,1.73,4.42,19780000.0,4.58
2019-05-16,1.73,4.66,16200000.0,4.65
2019-05-15,1.73,4.71,14670000.0,4.59
2019-05-14,1.73,4.67,27930000.0,4.47
2019-05-13,1.73,4.33,21800000.0,4.5
2019-05-10,1.73,4.56,17150000.0,4.6
2019-05-09,1.73,4.6,15760000.0,4.54
2019-05-08,1.73,4.57,20460000.0,4.79
2019-05-07,1.73,4.84,11550000.0,4.81
2019-05-06,1.73,4.88,16140000.0,4.72
2019-05-03,1.73,5.02,25250000.0,4.73
2019-05-02,1.73,4.72,14080000.0,4.74
2019-05-01,1.73,4.68,13310000.0,4.84
2019-04-30,1.73,4.85,14430000.0,4.98
2019-04-29,1.73,4.98,15200000.0,4.89
2019-04-26,1.73,4.92,11890000.0,4.85
2019-04-25,1.73,4.9,21550000.0,5.01
2019-04-24,1.73,5.0,20400000.0,4.79
2019-04-23,1.73,4.83,15110000.0,4.82
2019-04-22,1.73,4.78,12940000.0,4.74
2019-04-18,1.73,4.79,31210000.0,4.53
2019-04-17,1.73,4.59,30550000.0,4.61
2019-04-16,1.73,4.45,46350000.0,4.8
2019-04-15,1.73,4.75,27490000.0,4.99
2019-04-12,1.73,4.99,15560000.0,5.03
2019-04-11,1.73,5.01,17640000.0,5.0
2019-04-10,1.73,5.05,25960000.0,5.06
2019-04-09,1.73,5.08,32590000.000000004,5.28
2019-04-08,1.73,5.3,17350000.0,5.33
2019-04-05,1.73,5.36,18090000.0,5.37
2019-04-04,1.73,5.35,31700000.0,5.39
2019-04-03,1.73,5.31,35320000.0,5.55
2019-04-02,1.73,5.39,55810000.0,5.43
2019-04-01,1.73,5.21,32400000.0,5.29
2019-03-29,1.73,5.1,23600000.0,5.06
2019-03-28,1.73,5.01,29460000.0,5.04
2019-03-27,1.73,4.98,39750000.0,5.01
2019-03-26,1.73,4.96,67210000.0,5.2
2019-03-25,1.73,5.35,38990000.0,5.62
2019-03-22,1.73,5.62,24960000.0,5.8
2019-03-21,1.73,5.84,21370000.0,5.75
2019-03-20,1.73,5.85,39050000.0,6.02
2019-03-19,1.73,5.96,54510000.0,5.75
2019-03-18,1.73,5.75,76510000.0,5.69
2019-03-15,1.73,5.71,85780000.0,6.12
2019-03-14,1.73,6.03,58980000.0,6.63
2019-03-13,1.73,6.53,41730000.0,6.32
2019-03-12,1.73,6.39,41620000.0,6.62
2019-03-11,1.73,6.59,62540000.0,6.95
2019-03-08,1.73,7.06,32040000.0,7.02
2019-03-07,1.73,7.09,52470000.0,7.81
2019-03-06,1.73,8.01,73520000.0,8.26
2019-03-05,1.73,10.16,53680000.0,9.8
2019-03-04,1.73,9.78,43750000.0,10.32
2019-03-01,1.73,10.06,32409999.999999996,9.82
2019-02-28,1.73,9.57,26510000.0,9.85
2019-02-27,1.73,9.85,53230000.0,10.15
2019-02-26,1.73,9.79,106020000.0,9.16
2019-02-25,1.73,9.0,52420000.0,9.04
2019-02-22,1.73,8.17,26600000.0,7.92
2019-02-21,1.73,7.64,8060000.000000001,7.7
2019-02-20,1.73,7.62,21500000.0,7.26
2019-02-19,1.73,7.26,9970000.0,7.4
2019-02-15,1.73,7.41,15620000.0,7.55
2019-02-14,1.73,7.48,14730000.0,7.7
2019-02-13,1.73,7.49,10870000.0,7.52
2019-02-12,1.73,7.44,13260000.0,7.35
2019-02-11,1.73,7.46,9750000.0,7.67
2019-02-08,1.73,7.67,21710000.0,8.0
2019-02-07,1.73,8.04,23200000.0,8.28
2019-02-06,1.73,8.4,33400000.0,7.95
2019-02-05,1.73,7.88,9030000.0,7.71
2019-02-04,1.73,7.85,8590000.0,7.96
2019-02-01,1.73,7.9,20790000.0,7.85
2019-01-31,1.73,7.88,21230000.0,7.4
2019-01-30,1.73,7.46,28780000.0,6.94
2019-01-29,1.73,6.94,14200000.0,6.68
2019-01-28,1.73,6.67,5110000.0,6.56
2019-01-25,1.73,6.65,6730000.0,6.65
2019-01-24,1.73,6.58,5920000.0,6.47
2019-01-23,1.73,6.55,5690000.0,6.63
2019-01-22,1.73,6.57,6380000.0,6.63
2019-01-18,1.73,6.71,9240000.0,6.89
2019-01-17,1.73,6.81,8510000.0,6.7
2019-01-16,1.73,6.71,6940000.0,6.8
2019-01-15,1.73,6.82,12630000.0,6.85
2019-01-14,1.73,6.8,19450000.0,6.51
2019-01-11,1.73,6.59,6900000.0,6.5
2019-01-10,1.73,6.66,11220000.0,6.63
2019-01-09,1.73,6.63,11490000.0,6.41
2019-01-08,1.73,6.4,9600000.0,6.57
2019-01-07,1.73,6.5,9710000.0,6.41
2019-01-04,1.73,6.36,9410000.0,6.19
2019-01-03,1.73,6.05,7560000.0,6.1
2019-01-02,1.73,6.2,8820000.0,6.13
2018-12-31,1.73,6.37,8670000.0,6.56
2018-12-28,1.73,6.47,8000000.0,6.5
2018-12-27,1.73,6.43,8530000.0,6.17
2018-12-26,1.73,6.36,9910000.0,6.11
2018-12-24,1.73,5.92,8840000.0,6.0
2018-12-21,1.73,6.07,13600000.0,6.53
2018-12-20,1.73,6.52,12080000.0,6.82
2018-12-19,1.73,6.83,9300000.0,7.01
2018-12-18,1.73,7.07,10690000.0,7.03
2018-12-17,1.73,7.03,18130000.0,7.63
2018-12-14,1.73,7.7,10770000.0,7.53
2018-12-13,1.73,7.75,14980000.0,7.55
2018-12-12,1.73,7.54,16010000.000000002,7.2
2018-12-11,1.73,7.08,8100000.0,7.08
2018-12-10,1.73,7.03,9980000.0,7.03
2018-12-07,1.73,6.99,11580000.0,7.36
2018-12-06,1.73,7.37,16690000.000000002,6.86
2018-12-04,1.73,7.08,19620000.0,7.6
2018-12-03,1.73,7.58,22340000.0,8.1
2018-11-30,1.73,7.71,10990000.0,7.8
2018-11-29,1.73,7.79,13210000.0,8.06
2018-11-28,1.73,8.12,22100000.0,7.6
2018-11-27,1.73,7.48,9080000.0,7.3
2018-11-26,1.73,7.37,12160000.0,7.61
2018-11-23,1.73,7.46,8119999.999999999,7.68
2018-11-21,1.73,7.71,13990000.0,7.9
2018-11-20,1.73,7.67,26920000.0,7.65
2018-11-19,1.73,7.84,49170000.0,7.38
2018-11-16,1.73,7.19,14970000.0,7.4
2018-11-15,1.73,7.34,18040000.0,7.15
2018-11-14,1.73,7.1,29590000.0,6.8
2018-11-13,1.73,6.78,15370000.0,6.69
2018-11-12,1.73,6.65,12710000.0,6.72
2018-11-09,1.73,6.77,12790000.0,6.59
2018-11-08,1.73,6.69,20510000.0,6.49
2018-11-07,1.73,6.74,23760000.0,6.42
2018-11-06,1.73,6.4,49860000.0,7.22
2018-11-05,1.73,6.68,13190000.0,6.52
2018-11-02,1.73,6.49,17990000.0,6.84
2018-11-01,1.73,6.62,24330000.0,6.0
2018-10-31,1.73,5.9,15210000.0,6.08
2018-10-30,1.73,5.95,21820000.0,6.2
2018-10-29,1.73,6.19,16030000.000000002,6.53
2018-10-26,1.73,6.35,9460000.0,6.21
2018-10-25,1.73,6.45,9190000.0,6.27
2018-10-24,1.73,6.17,14790000.0,6.85
2018-10-23,1.73,6.81,14900000.0,6.74
2018-10-22,1.73,7.03,12760000.0,7.68
2018-10-19,1.73,7.32,7340000.0,7.59
2018-10-18,1.73,7.5,11910000.0,7.6
2018-10-17,1.73,7.77,11710000.0,8.12
2018-10-16,1.73,8.04,17490000.0,8.06
2018-10-15,1.73,7.82,26780000.0,7.86
2018-10-12,1.73,7.46,14550000.0,7.46
2018-10-11,1.73,7.18,22730000.0,7.44
2018-10-10,1.73,7.75,74970000.0,8.1
2018-10-09,1.73,7.39,38460000.0,6.19
2018-10-08,1.73,6.04,11510000.0,6.07
2018-10-05,1.73,6.26,8380000.000000001,6.2
2018-10-04,1.73,6.25,11900000.0,6.19
2018-10-03,1.73,6.3,13250000.0,6.12
2018-10-02,1.73,5.93,19440000.0,6.6
2018-10-01,1.73,6.6,16430000.0,7.06
2018-09-28,1.73,6.98,21810000.0,6.97
2018-09-27,1.73,7.01,16820000.0,7.55
2018-09-26,1.73,7.5,11090000.0,7.59
2018-09-25,1.73,7.58,18910000.0,8.06
2018-09-24,1.73,7.87,16300000.0,8.32
2018-09-21,1.73,8.59,15120000.0,9.05
2018-09-20,1.73,8.78,40280000.0,9.07
2018-09-19,1.73,8.5,48310000.0,7.88
2018-09-18,1.73,7.68,41830000.0,8.73
2018-09-17,1.73,8.5,56320000.0,9.61
2018-09-14,1.73,9.9,172470000.0,12.66
2018-09-13,1.73,11.6,158350000.0,6.62
